otime,open,high,low,close,volume,ctime,quote,trades,TB Base Volume,TB Quote Volume,ignore
1609459200000,19.27800000,20.19200000,17.84200000,20.17400000,32331.31000000,1609545599999,613323.62270000,3945,18287.21000000,346524.43403000,0
1609545600000,20.20000000,20.66900000,16.79400000,18.20000000,26909.66000000,1609631999999,493899.25988000,3598,13366.33000000,244948.39713000,0
1609632000000,18.20000000,21.82000000,16.44600000,21.27200000,38084.53000000,1609718399999,727161.01089000,4730,21966.95000000,421757.08256000,0
1609718400000,21.27200000,27.90900000,18.29300000,27.65500000,111725.87000000,1609804799999,2623168.53831000,9048,62787.41000000,1488017.57834000,0
1609804800000,27.61200000,30.72400000,22.60200000,29.26200000,49342.56000000,1609891199999,1327733.54619000,6331,23955.48000000,647190.64922000,0
1609891200000,29.26200000,29.64700000,24.90100000,27.77700000,38144.51000000,1609977599999,1053806.38266000,4041,16507.08000000,458100.48524000,0
1609977600000,27.90000000,32.22900000,18.55900000,23.40000000,84445.73000000,1610063999999,2227340.54438000,6809,46077.68000000,1228939.51889000,0
1610064000000,23.49500000,24.30700000,15.00000000,19.85100000,77539.52000000,1610150399999,1498062.83281000,6603,38619.82000000,754813.71867000,0
1610150400000,20.11200000,23.50000000,17.83000000,22.74700000,41743.60000000,1610236799999,888460.89759000,5429,24760.46000000,528172.24690000,0
1610236800000,22.83800000,31.28700000,18.71100000,26.55000000,157157.90000000,1610323199999,4139296.76479000,12880,87959.79000000,2296503.56354000,0
1610323200000,26.55000000,26.62900000,11.80000000,18.65200000,313502.67000000,1610409599999,5509122.86477000,19320,167382.84000000,2947694.94033000,0
1610409600000,18.65200000,27.72800000,16.82900000,23.98600000,200079.37000000,1610495999999,4410255.96026000,14788,110146.55000000,2457734.45410000,0
1610496000000,23.93700000,33.68900000,20.55800000,32.85400000,214139.35000000,1610582399999,5943638.67337000,17775,115839.05000000,3237241.51534000,0
1610582400000,32.98800000,37.92000000,28.53100000,33.60600000,84697.07000000,1610668799999,2701852.93847000,10403,47603.87000000,1515327.28103000,0
1610668800000,33.74000000,45.71000000,30.57300000,44.72700000,92462.43000000,1610755199999,3425535.26605000,10655,51387.99000000,1892007.12069000,0
1610755200000,45.18000000,65.99500000,45.18000000,52.56400000,86204.21000000,1610841599999,4870851.70223000,12206,47099.00000000,2666686.84634000,0
1610841600000,52.51800000,62.14600000,48.50800000,55.16900000,56227.22000000,1610927999999,3172514.66874000,7663,26006.64000000,1480219.16671000,0
1610928000000,55.35300000,63.44800000,51.79300000,63.39600000,34428.64000000,1611014399999,1967452.51390000,5200,17326.33000000,997948.74985000,0
1611014400000,63.39600000,68.23100000,53.03800000,54.04200000,59848.78000000,1611100799999,3654793.40114000,8263,27513.85000000,1703847.44822000,0
1611100800000,53.95200000,60.00000000,46.59100000,58.41800000,55318.13000000,1611187199999,2980410.73763000,7089,28222.83000000,1521411.77358000,0
1611187200000,58.48500000,59.38400000,38.75300000,41.54200000,116245.94000000,1611273599999,5550347.31667000,13386,57298.84000000,2736444.80462000,0
1611273600000,41.42200000,58.25000000,35.64900000,53.63800000,57516.69000000,1611359999999,2847938.98010000,8394,30930.66000000,1551775.71526000,0
1611360000000,53.54000000,69.48300000,51.94000000,65.98200000,39137.41000000,1611446399999,2380914.62388000,6112,21728.64000000,1326677.19650000,0
1611446400000,65.86700000,108.70300000,65.10700000,94.51400000,69584.09000000,1611532799999,6107234.50938000,13907,39402.92000000,3460122.89547000,0
1611532800000,94.69600000,105.44800000,79.43900000,85.17200000,84871.71000000,1611619199999,7809707.85920000,15092,44428.57000000,4077405.07933000,0
1611619200000,85.01900000,107.68900000,81.32300000,101.54600000,69487.36000000,1611705599999,6542384.00620000,13797,36368.12000000,3419083.81496000,0
1611705600000,102.12000000,114.44700000,89.09500000,106.96200000,49427.96000000,1611791999999,4991059.50936000,11737,23914.59000000,2425750.30154000,0
1611792000000,106.44600000,121.88000000,99.69100000,113.83500000,33231.56000000,1611878399999,3615843.00770000,7897,17116.27000000,1858787.59986000,0
1611878400000,114.71900000,121.29800000,96.35000000,107.01000000,25931.76000000,1611964799999,2794002.56749000,6603,12532.70000000,1350175.86053000,0
1611964800000,107.12500000,129.77500000,102.79300000,124.65400000,22436.31000000,1612051199999,2580539.55045000,7325,11419.83000000,1312879.60223000,0
1612051200000,123.94300000,126.70900000,107.50000000,111.63100000,18899.02000000,1612137599999,2207915.39777000,8828,9068.69000000,1056103.08132000,0
1612137600000,112.29600000,119.15900000,101.48100000,108.91400000,40785.44000000,1612223999999,4392135.40930000,12406,18621.02000000,2013126.88822000,0
1612224000000,108.03200000,120.83300000,99.51000000,114.17200000,27135.44000000,1612310399999,2952250.24213000,12114,14125.24000000,1543952.96696000,0
1612310400000,114.83600000,193.30000000,112.90000000,192.56800000,34876.28000000,1612396799999,5090848.06766000,14842,19124.62000000,2797250.01671000,0
1612396800000,192.00400000,351.90000000,171.82000000,276.63000000,135574.38000000,1612483199999,34532218.00998000,56053,69623.31000000,17673528.25634000,0
1612483200000,277.53700000,372.77700000,272.00100000,318.41200000,43624.28000000,1612569599999,13975708.18579000,31077,23541.65000000,7517620.19685000,0
1612569600000,319.99800000,324.21400000,225.57300000,271.25600000,48055.07000000,1612655999999,13048043.12941000,33271,22290.31000000,6072441.65820000,0
1612656000000,271.25700000,276.87400000,181.01900000,260.95300000,50431.55000000,1612742399999,11665118.19302000,31574,25095.97000000,5849905.25030000,0
1612742400000,259.70800000,319.49400000,249.50000000,271.40400000,45322.70000000,1612828799999,12910799.10751000,31834,25202.96000000,7192213.68349000,0
1612828800000,271.53000000,293.90000000,237.55000000,262.16000000,37022.98000000,1612915199999,9916806.66146000,26819,18277.91000000,4911974.80996000,0
1612915200000,260.50100000,375.39700000,234.35000000,295.92500000,42230.34000000,1613001599999,13044508.69075000,31020,22014.69000000,6850395.60896000,0
1613001600000,296.43700000,318.00400000,273.58000000,283.29000000,20441.31000000,1613087999999,6101313.07956000,17910,10345.84000000,3104113.27746000,0
1613088000000,283.29200000,322.00000000,259.00100000,297.81700000,27605.72000000,1613174399999,8042636.48660000,22117,12556.42000000,3608256.89714000,0
1613174400000,297.42900000,319.17400000,236.27000000,247.20900000,38288.22000000,1613260799999,10380805.51189000,38676,18228.65000000,5039750.39799000,0
1613260800000,245.28000000,259.80300000,202.17200000,211.41400000,21090.62000000,1613347199999,4865296.95097000,17818,9842.42000000,2298671.41525000,0
1613347200000,211.33600000,226.82700000,106.44200000,187.97900000,81250.96000000,1613433599999,13434132.18550000,29055,42987.38000000,7045738.43668000,0
1613433600000,189.25000000,210.70400000,158.64100000,168.90000000,33914.30000000,1613519999999,6192812.31613000,20772,15099.00000000,2745011.15446000,0
1613520000000,169.55900000,195.72500000,142.57500000,179.23100000,49273.71000000,1613606399999,8286073.92842000,25535,23700.22000000,3956752.21443000,0
1613606400000,179.40400000,200.00000000,164.69000000,168.69800000,31149.85000000,1613692799999,5809384.94072000,21538,16340.62000000,3046290.81174000,0
1613692800000,169.22100000,175.10500000,141.00000000,147.95100000,37947.84000000,1613779199999,5940078.64870000,21785,21957.09000000,3430042.43376000,0
1613779200000,147.95700000,187.44100000,140.00000000,155.50600000,84067.09000000,1613865599999,14377150.51780000,30794,40442.47000000,6919066.84209000,0
1613865600000,155.32700000,162.86200000,146.31500000,152.20700000,36552.32000000,1613951999999,5658561.66662000,22905,19096.56000000,2952279.76949000,0
1613952000000,153.42300000,159.23300000,97.77400000,132.00000000,54994.50000000,1614038399999,7207899.56189000,19756,22528.63000000,2963547.81436000,0
1614038400000,132.81200000,133.40700000,72.38200000,110.99100000,76009.84000000,1614124799999,7507880.70535000,25470,37297.33000000,3671430.20806000,0
1614124800000,111.29500000,131.65400000,99.85600000,111.74400000,39747.77000000,1614211199999,4781092.01622000,19034,22164.75000000,2651926.38804000,0
1614211200000,112.82800000,122.64400000,96.15200000,97.80300000,24900.55000000,1614297599999,2800618.55785000,12071,12526.23000000,1401929.74284000,0
1614297600000,97.43100000,105.14200000,80.40900000,89.81000000,41047.97000000,1614383999999,3836819.82899000,21450,22962.43000000,2151438.48815000,0
1614384000000,90.00400000,103.58000000,89.82800000,94.08900000,25316.29000000,1614470399999,2460327.61618000,12788,11608.19000000,1129705.41749000,0
1614470400000,94.62400000,112.47000000,77.44800000,106.11700000,48092.80000000,1614556799999,4517740.67139000,16140,26194.71000000,2486676.30529000,0
1614556800000,106.11800000,125.17300000,104.31200000,123.00800000,52713.01000000,1614643199999,6189074.09567000,23765,23984.28000000,2812834.44940000,0
1614643200000,123.25400000,141.41400000,116.97000000,125.73100000,42193.67000000,1614729599999,5382610.62002000,15305,22664.62000000,2901298.25382000,0
1614729600000,125.43000000,142.98700000,121.78300000,128.25500000,22614.87000000,1614815999999,3013433.84695000,8028,11755.08000000,1571999.83499000,0
1614816000000,129.16600000,137.07200000,110.60700000,115.00000000,19452.59000000,1614902399999,2396840.35301000,13054,9725.12000000,1203233.07184000,0
1614902400000,115.74900000,115.74900000,94.83300000,108.36300000,39642.47000000,1614988799999,4081106.55096000,17490,23062.23000000,2377494.94301000,0
1614988800000,109.26600000,121.37700000,100.39300000,119.51000000,16465.40000000,1615075199999,1819180.14105000,8814,8734.62000000,965780.25590000,0
1615075200000,119.52300000,135.81900000,117.97400000,133.53400000,25101.03000000,1615161599999,3173836.02096000,19493,11830.15000000,1501245.83225000,0
1615161600000,134.14100000,146.47300000,122.39200000,146.47200000,20446.64000000,1615247999999,2731862.25812000,8722,10058.35000000,1355280.28507000,0
1615248000000,146.47200000,152.70000000,135.19000000,149.13300000,17757.38000000,1615334399999,2543774.04623000,10341,9259.41000000,1330542.52413000,0
1615334400000,149.00000000,157.53300000,123.63200000,128.33000000,26047.41000000,1615420799999,3588912.27108000,12014,14570.58000000,1995524.64561000,0
1615420800000,126.74700000,131.87500000,116.49900000,126.18200000,18226.81000000,1615507199999,2298551.29463000,9488,10164.62000000,1284808.83171000,0
1615507200000,126.64400000,127.94800000,98.94200000,107.66400000,22183.25000000,1615593599999,2433695.37399000,17522,10327.13000000,1125375.63225000,0
1615593600000,107.59800000,136.21900000,99.54500000,127.16400000,32004.94000000,1615679999999,3781708.99408000,14000,16760.43000000,1989757.51194000,0
1615680000000,128.90800000,131.06100000,106.58600000,107.58400000,22297.23000000,1615766399999,2528272.46519000,14281,10608.85000000,1203280.97854000,0
1615766400000,107.50700000,113.25200000,92.56800000,99.59600000,22354.65000000,1615852799999,2279720.39062000,11376,10293.29000000,1047083.85575000,0
1615852800000,100.62900000,105.62900000,90.41800000,101.25300000,21299.21000000,1615939199999,2113505.51071000,14171,10496.22000000,1043535.21965000,0
1615939200000,101.50900000,107.84600000,94.00800000,107.16500000,19793.71000000,1616025599999,2013941.70710000,10707,9914.58000000,1012222.90872000,0
1616025600000,106.78400000,107.80000000,95.01000000,95.48800000,12995.91000000,1616111999999,1320136.58755000,6863,6066.87000000,616334.13582000,0
1616112000000,95.90000000,103.76300000,91.10000000,98.44000000,12675.72000000,1616198399999,1253514.94251000,7835,6521.98000000,647968.32599000,0
1616198400000,98.01600000,112.33100000,96.78200000,98.29900000,14732.57000000,1616284799999,1546758.26755000,10171,6793.42000000,715028.43812000,0
1616284800000,97.62100000,100.89700000,92.02400000,96.00000000,11796.51000000,1616371199999,1137870.39240000,13211,5231.77000000,505582.60280000,0
1616371200000,95.67900000,97.84400000,78.33500000,80.00000000,18140.51000000,1616457599999,1608658.69555000,8619,9124.24000000,804840.92339000,0
1616457600000,80.48500000,84.55800000,75.79900000,77.94100000,17423.96000000,1616543999999,1399919.54895000,14491,7223.88000000,582011.33188000,0
1616544000000,77.47600000,85.56200000,60.05800000,66.60100000,20978.33000000,1616630399999,1596764.13959000,5916,8900.08000000,675345.29014000,0
1616630400000,66.41900000,78.26200000,61.69700000,74.52400000,17712.31000000,1616716799999,1242503.16438000,6096,10215.06000000,720377.43579000,0
1616716800000,74.76800000,90.69600000,74.76800000,89.78500000,18142.03000000,1616803199999,1530794.55625000,7985,9785.90000000,827989.01327000,0
1616803200000,89.86600000,91.10700000,80.80500000,86.22300000,5900.52000000,1616889599999,499778.94028000,4277,2890.24000000,245839.01548000,0
1616889600000,86.21600000,88.32500000,76.20600000,84.45300000,9755.98000000,1616975999999,805417.92854000,3551,4980.89000000,412125.07242000,0
1616976000000,83.91300000,93.18900000,81.99000000,89.97300000,12704.36000000,1617062399999,1113366.51090000,5043,6808.78000000,598189.24460000,0
1617062400000,89.60300000,99.99000000,85.88300000,97.22000000,15843.95000000,1617148799999,1511431.18968000,8652,9406.73000000,893419.03028000,0
1617148800000,97.34300000,105.95400000,86.90800000,98.96100000,21978.72000000,1617235199999,2152269.05370000,10347,12254.71000000,1208872.52050000,0
1617235200000,99.28000000,104.40000000,93.50100000,98.76300000,14663.06000000,1617321599999,1457957.11779000,10124,7428.74000000,741035.22437000,0
1617321600000,98.60500000,118.88700000,96.12100000,117.79300000,25215.71000000,1617407999999,2677389.83212000,21724,11464.99000000,1218379.17771000,0
1617408000000,117.84800000,120.17800000,91.56800000,93.34600000,20713.13000000,1617494399999,2229007.44397000,15722,9000.84000000,967822.86988000,0
1617494400000,93.05600000,110.65800000,88.89600000,105.96200000,17838.92000000,1617580799999,1792744.91854000,11518,8668.79000000,868311.37396000,0
1617580800000,106.31400000,109.06000000,95.00000000,102.63600000,16020.12000000,1617667199999,1655448.93786000,10721,8517.51000000,882928.53712000,0
1617667200000,102.41600000,111.31000000,91.55100000,93.79500000,24301.92000000,1617753599999,2470048.24122000,12456,11294.68000000,1157228.16350000,0
1617753600000,94.46500000,95.92400000,71.68700000,76.26200000,45643.29000000,1617839999999,3650535.44870000,20192,14749.48000000,1188119.43197000,0
1617840000000,76.48100000,85.33300000,75.03300000,85.33300000,23964.59000000,1617926399999,1925562.49089000,9938,13609.75000000,1093083.35872000,0
1617926400000,85.40500000,86.97900000,78.49700000,79.50000000,14249.85000000,1618012799999,1181979.73971000,4672,6707.26000000,555208.36031000,0
1618012800000,79.38700000,86.99200000,78.00000000,82.61900000,18006.95000000,1618099199999,1508942.71262000,7778,10293.66000000,862745.50048000,0
1618099200000,82.21000000,85.00000000,79.15300000,84.06300000,15429.79000000,1618185599999,1269436.63089000,8155,6683.16000000,549243.69476000,0
1618185600000,83.53300000,103.38500000,79.33600000,94.11400000,55692.48000000,1618271999999,5072897.04267000,22328,29490.80000000,2690296.99155000,0
1618272000000,94.19700000,105.50000000,84.00000000,91.21200000,61398.51000000,1618358399999,5732767.63116000,32868,31879.53000000,2986835.28496000,0
1618358400000,91.05100000,107.71300000,82.83000000,106.07500000,96722.23000000,1618444799999,9338631.24258000,43144,41150.94000000,3861184.61734000,0
1618444800000,106.19100000,136.00000000,103.66800000,118.16500000,90843.44000000,1618531199999,10626940.27808000,31734,52996.26000000,6192617.38197000,0
1618531200000,118.08800000,120.98000000,82.51800000,95.84800000,115494.15000000,1618617599999,11620149.22100000,51979,66294.21000000,6787649.58532000,0
1618617600000,95.74400000,110.67800000,79.32400000,83.18000000,72220.84000000,1618703999999,6709024.21268000,37846,32995.41000000,3090437.44791000,0
1618704000000,83.27800000,84.94300000,5.00000000,18.99600000,1441611.04000000,1618790399999,28707565.74447000,97389,745990.18000000,13996875.40690000,0
1618790400000,18.90000000,20.60000000,14.22100000,14.60000000,417465.35000000,1618876799999,7394377.77664000,30601,243115.20000000,4326702.08030000,0
1618876800000,14.69600000,17.96200000,10.72100000,16.52300000,331113.64000000,1618963199999,4831561.18214000,22792,171922.38000000,2514489.05626000,0
1618963200000,16.52300000,19.72000000,14.21700000,15.49200000,412186.64000000,1619049599999,7140763.07875000,32070,210032.91000000,3616078.22366000,0
1619049600000,15.55400000,22.95000000,14.57600000,16.70000000,885299.59000000,1619135999999,16814624.80544000,68329,461190.81000000,8652989.42122000,0
1619136000000,16.69600000,18.40900000,9.45100000,13.89900000,761435.74000000,1619222399999,9853909.85863000,29288,389750.13000000,5037854.33015000,0
1619222400000,13.90000000,14.09000000,10.90000000,11.21100000,361240.92000000,1619308799999,4418095.84560000,19806,170889.63000000,2099617.14077000,0
1619308800000,11.21100000,13.82100000,11.06000000,13.53600000,264383.02000000,1619395199999,3311119.86661000,15560,135130.10000000,1683031.62594000,0
1619395200000,13.53600000,17.96900000,13.28700000,17.87700000,738833.11000000,1619481599999,11871288.36593000,52197,391914.54000000,6457540.39954000,0
1619481600000,17.86800000,22.02900000,16.73600000,21.27600000,479301.29000000,1619567999999,9548528.41401000,41210,226379.66000000,4476849.44128000,0
1619568000000,21.27600000,25.65100000,19.76000000,22.80000000,666465.46000000,1619654399999,15333509.66222000,74203,362125.20000000,8358108.58516000,0
1619654400000,22.85000000,23.04600000,18.71600000,20.45000000,312819.30000000,1619740799999,6583916.71105000,26555,169429.27000000,3566664.21493000,0
1619740800000,20.40900000,22.20100000,19.30000000,21.00000000,263744.74000000,1619827199999,5454276.40623000,26107,155027.35000000,3221431.60027000,0
1619827200000,21.00000000,29.00000000,20.15000000,28.01300000,426265.34000000,1619913599999,10545803.61653000,33239,216290.53000000,5364894.56002000,0
1619913600000,28.08000000,28.35500000,24.03500000,25.23200000,201466.07000000,1619999999999,5189046.16938000,21184,99580.82000000,2570322.24202000,0
1620000000000,25.15400000,31.62900000,24.93100000,29.06600000,377051.64000000,1620086399999,10930182.44819000,36936,202004.43000000,5880316.54970000,0
1620086400000,29.12100000,29.24000000,19.58600000,20.29400000,739249.97000000,1620172799999,17346620.46653000,44022,419725.41000000,9825444.23969000,0
1620172800000,20.34100000,24.30700000,19.44500000,23.89700000,365076.27000000,1620259199999,7993848.03252000,25143,172330.89000000,3788942.27120000,0
1620259200000,23.89800000,23.99200000,19.21000000,20.51200000,385056.75000000,1620345599999,8230931.76955000,38360,178021.95000000,3816572.89861000,0
1620345600000,20.44700000,22.00000000,18.28600000,19.66300000,310718.27000000,1620431999999,6215183.85090000,22247,169519.49000000,3379381.97811000,0
1620432000000,19.66200000,22.97000000,19.00000000,21.92100000,218003.96000000,1620518399999,4563545.53168000,19264,115246.85000000,2413327.19823000,0
1620518400000,21.80100000,22.11300000,18.76400000,20.90800000,182170.86000000,1620604799999,3748177.25471000,16312,96148.05000000,1987223.39960000,0
1620604800000,20.90900000,23.68600000,13.24200000,17.26500000,405345.89000000,1620691199999,8029599.55788000,29712,210035.59000000,4156854.70667000,0
1620691200000,17.26500000,19.29200000,15.40000000,19.11600000,281146.08000000,1620777599999,4995296.48370000,21620,145346.18000000,2594692.07509000,0
1620777600000,19.04900000,29.69100000,18.90000000,22.52800000,1376787.40000000,1620863999999,35035458.48710000,71866,717684.61000000,18293900.11036000,0
1620864000000,22.74500000,31.81400000,17.35400000,21.23100000,1092112.33000000,1620950399999,27227805.38982000,65489,570994.32000000,14366327.45038000,0
1620950400000,21.07800000,32.09700000,20.94600000,28.43700000,598066.23000000,1621036799999,16319252.49322000,42055,315777.97000000,8621686.27511000,0
1621036800000,28.49400000,30.14100000,19.74700000,20.67900000,430217.11000000,1621123199999,10272213.45903000,39973,219038.79000000,5250467.36103000,0
1621123200000,20.69500000,24.65500000,17.65200000,21.09600000,570088.32000000,1621209599999,11577149.92828000,39138,284973.25000000,5813561.13375000,0
1621209600000,21.03000000,26.03900000,17.00000000,23.92200000,948155.88000000,1621295999999,21300767.39688000,64189,494454.37000000,11190337.34176000,0
1621296000000,24.03400000,31.95000000,23.13300000,28.16500000,971279.16000000,1621382399999,28020266.04726000,71880,509191.77000000,14757569.55088000,0
1621382400000,28.13200000,29.74700000,3.56900000,4.58800000,10876696.79000000,1621468799999,89253782.77244000,74113,4802754.68000000,34849251.04184000,0
1621468800000,4.59400000,6.55900000,2.33000000,5.65100000,21818082.86000000,1621555199999,78843952.15306000,65739,11816180.17000000,42565707.72859000,0
1621555200000,5.67200000,6.24700000,2.65800000,3.72200000,2633933.57000000,1621641599999,11233808.13534000,46847,1348009.13000000,5684448.79898000,0
1621641600000,3.72300000,3.87900000,2.70900000,3.10000000,2153568.90000000,1621727999999,6820503.60293000,25039,1148691.35000000,3645629.40934000,0
1621728000000,3.09800000,3.36600000,1.30000000,2.38400000,4811721.50000000,1621814399999,10442044.74922000,46134,2493904.64000000,5359575.43130000,0
1621814400000,2.42600000,4.15200000,2.28000000,3.97900000,3655437.30000000,1621900799999,11933418.12644000,44165,1888005.02000000,6185407.39293000,0
1621900800000,3.98000000,4.26400000,2.90100000,3.79900000,2157129.86000000,1621987199999,7501784.45440000,30547,992436.95000000,3474096.91680000,0
1621987200000,3.79800000,4.62500000,3.52100000,4.55400000,3243204.40000000,1622073599999,12911061.40245000,57700,1591141.33000000,6361778.66545000,0
1622073600000,4.58900000,4.59000000,3.68400000,3.79600000,1250778.95000000,1622159999999,5068852.21219000,19820,627625.76000000,2541534.97473000,0
1622160000000,3.79800000,3.88000000,2.72000000,2.96200000,2281354.49000000,1622246399999,7325725.93355000,29978,1092590.04000000,3493725.13620000,0
1622246400000,2.95500000,3.19600000,2.28100000,2.58600000,2395160.83000000,1622332799999,6492763.24686000,24342,1314034.43000000,3592248.12335000,0
1622332800000,2.59200000,3.26600000,2.30900000,3.00800000,2861793.50000000,1622419199999,8541689.57414000,31629,1470489.04000000,4373313.62798000,0
1622419200000,3.00000000,4.01100000,2.65200000,3.95500000,3642897.84000000,1622505599999,11933725.32992000,53164,1758373.57000000,5763921.18457000,0
1622505600000,3.96300000,4.18200000,3.62500000,3.84600000,3107596.58000000,1622591999999,12116276.18651000,55011,1529431.54000000,5935431.92701000,0
1622592000000,3.84900000,4.35500000,3.66000000,4.04400000,1097189.36000000,1622678399999,4420604.57877000,17364,585404.12000000,2358272.19626000,0
1622678400000,4.03300000,4.49500000,3.89400000,4.28900000,962048.50000000,1622764799999,4047270.13503000,13546,476275.82000000,2007420.46027000,0
1622764800000,4.28900000,4.28900000,3.37300000,3.83400000,1300738.45000000,1622851199999,4856659.51949000,20917,649563.89000000,2423131.08395000,0
1622851200000,3.84500000,4.15600000,3.36900000,3.54700000,1164739.65000000,1622937599999,4448600.96476000,19211,568066.20000000,2175809.84113000,0
1622937600000,3.52400000,3.74000000,3.50000000,3.69700000,704269.79000000,1623023999999,2561326.15611000,10350,346028.57000000,1259565.62512000,0
1623024000000,3.69900000,4.05600000,3.10000000,3.14300000,1111316.82000000,1623110399999,4120869.24870000,17332,560949.12000000,2092954.55591000,0
1623110400000,3.15600000,3.24100000,2.52400000,3.07200000,2106555.06000000,1623196799999,6182270.61733000,31292,1078968.70000000,3157761.41641000,0
1623196800000,3.07300000,3.30700000,2.68300000,3.24900000,1629353.01000000,1623283199999,4905937.62077000,19946,898158.80000000,2711887.14494000,0
1623283200000,3.24500000,3.25800000,2.58400000,2.68900000,818704.71000000,1623369599999,2376431.55731000,12127,443386.96000000,1292772.76291000,0
1623369600000,2.69500000,2.78900000,2.14400000,2.22700000,962166.98000000,1623455999999,2422079.25225000,14749,501357.34000000,1265182.19029000,0
1623456000000,2.21600000,2.29800000,1.87900000,2.09800000,1385044.49000000,1623542399999,2900249.25011000,15829,780800.37000000,1638684.94004000,0
1623542400000,2.10600000,2.79000000,1.91700000,2.76900000,1488747.17000000,1623628799999,3363075.65674000,16622,890743.29000000,2025434.06622000,0
1623628800000,2.76700000,3.12400000,2.61200000,2.79400000,1436303.21000000,1623715199999,4014307.62669000,16399,867059.45000000,2426578.49536000,0
1623715200000,2.79500000,2.97100000,2.58000000,2.67900000,673483.91000000,1623801599999,1866912.48746000,9919,405807.15000000,1127515.07034000,0
1623801600000,2.66800000,2.70500000,2.21700000,2.27600000,836280.27000000,1623887999999,2047349.50517000,11099,440006.79000000,1077614.98031000,0
1623888000000,2.27700000,2.54800000,2.18400000,2.32200000,780535.73000000,1623974399999,1847587.25093000,11997,419255.54000000,992695.55401000,0
1623974400000,2.32100000,2.33800000,1.66200000,1.82900000,1836633.24000000,1624060799999,3547720.46399000,26382,999139.85000000,1929294.93445000,0
1624060800000,1.84400000,1.91600000,1.69300000,1.70700000,1158686.37000000,1624147199999,2109989.35381000,10636,632308.53000000,1151634.92037000,0
1624147200000,1.70600000,1.99400000,1.52200000,1.93200000,1581485.00000000,1624233599999,2783493.06133000,15521,904031.31000000,1598967.94627000,0
1624233600000,1.93400000,1.97700000,1.07800000,1.15600000,3002058.76000000,1624319999999,4188204.96913000,26398,1682445.36000000,2335844.58135000,0
1624320000000,1.15900000,1.28000000,0.70000000,1.05100000,6093676.33000000,1624406399999,5857435.49493000,32347,3631227.36000000,3469001.59498000,0
1624406400000,1.05700000,1.30500000,0.96500000,1.07500000,2540805.10000000,1624492799999,2948980.22709000,14776,1475323.45000000,1712587.55729000,0
1624492800000,1.07500000,1.17300000,0.92300000,1.10100000,2304823.04000000,1624579199999,2421513.05055000,11882,1320406.19000000,1392421.36353000,0
1624579200000,1.10900000,1.14100000,0.84100000,0.86500000,2508882.20000000,1624665599999,2365239.37109000,14426,1359563.10000000,1279807.78044000,0
1624665600000,0.86000000,0.92200000,0.76800000,0.86500000,3320980.59000000,1624751999999,2766656.89339000,17684,1852419.67000000,1542913.27207000,0
1624752000000,0.86500000,0.99900000,0.81700000,0.99600000,2672272.59000000,1624838399999,2456634.88061000,12429,1486831.45000000,1370195.38551000,0
1624838400000,0.99900000,1.29600000,0.97600000,1.23500000,3362280.73000000,1624924799999,3767344.75924000,16562,1961124.55000000,2187503.37408000,0
1624924800000,1.23900000,1.49800000,1.22500000,1.34900000,3541240.44000000,1625011199999,4939436.86940000,20322,1860767.84000000,2588162.88586000,0
1625011200000,1.34800000,1.49700000,1.15900000,1.47400000,2638035.66000000,1625097599999,3424649.26852000,12482,1480349.34000000,1926080.35413000,0
1625097600000,1.47500000,1.49400000,1.15600000,1.20000000,2865399.07000000,1625183999999,3770027.93452000,16018,1574828.79000000,2081885.09019000,0
1625184000000,1.19900000,1.26400000,1.00600000,1.21800000,4500230.20000000,1625270399999,5016441.32403000,30618,2499407.05000000,2802048.29807000,0
1625270400000,1.21900000,1.65600000,1.14300000,1.55400000,5212622.00000000,1625356799999,7663551.96247000,26106,2906348.67000000,4265244.83030000,0
1625356800000,1.55200000,2.01300000,1.36700000,1.81900000,4627886.88000000,1625443199999,7991307.95975000,30581,2572150.01000000,4451460.19163000,0
1625443200000,1.81400000,2.44900000,1.57800000,2.28500000,5917723.34000000,1625529599999,11246208.79146000,46987,3173172.15000000,6056014.89151000,0
1625529600000,2.29500000,3.00500000,2.21000000,2.37600000,5333684.61000000,1625615999999,13925785.99646000,52256,2948588.28000000,7716451.07251000,0
1625616000000,2.37000000,2.62200000,2.25600000,2.34500000,2674541.26000000,1625702399999,6538876.11178000,22612,1424555.50000000,3488078.58071000,0
1625702400000,2.32900000,2.35700000,1.69000000,1.91100000,7044467.12000000,1625788799999,13775113.04348000,72408,3550401.38000000,6960856.68682000,0
1625788800000,1.91100000,2.22300000,1.68600000,2.06000000,5833190.99000000,1625875199999,11425124.90388000,46794,3026651.69000000,5945419.52296000,0
1625875200000,2.06000000,2.18700000,1.84400000,1.94200000,3506164.03000000,1625961599999,6957504.51311000,30113,1803379.54000000,3582668.99656000,0
1625961600000,1.93900000,2.17500000,1.82600000,2.08700000,2809522.83000000,1626047999999,5627290.56920000,24460,1486888.55000000,2986481.95404000,0
1626048000000,2.08800000,2.34700000,1.87200000,1.95200000,3640224.64000000,1626134399999,7617210.60693000,33279,1855286.63000000,3896319.39062000,0
1626134400000,1.95100000,1.96200000,1.57200000,1.62100000,3941919.27000000,1626220799999,7081544.15887000,51584,1853730.43000000,3333076.77635000,0
1626220800000,1.62300000,1.77600000,1.39700000,1.68300000,5224962.56000000,1626307199999,8340239.04017000,41588,2596416.20000000,4153534.58328000,0
1626307200000,1.68200000,1.82000000,1.46100000,1.56700000,5964791.85000000,1626393599999,9509490.23465000,39381,2966331.57000000,4735545.52855000,0
1626393600000,1.56500000,1.68100000,1.26200000,1.26900000,6418963.44000000,1626479999999,9257049.79796000,42900,3183759.98000000,4597355.39546000,0
1626480000000,1.26800000,1.33500000,1.18000000,1.26300000,5989351.80000000,1626566399999,7509089.77012000,40879,2994592.69000000,3756205.19232000,0
1626566400000,1.25600000,1.43300000,1.23500000,1.27000000,4043538.67000000,1626652799999,5397071.41169000,19337,2069947.57000000,2763357.52377000,0
1626652800000,1.27100000,1.29200000,1.03200000,1.09400000,5404300.95000000,1626739199999,6080446.51581000,36324,2727208.86000000,3058397.68144000,0
1626739200000,1.09500000,1.13100000,0.82800000,0.93200000,6463939.72000000,1626825599999,6021931.31688000,31543,3266011.81000000,3047520.95974000,0
1626825600000,0.93400000,1.33700000,0.87600000,1.29200000,6047518.82000000,1626911999999,6954868.47876000,27781,3220550.24000000,3719943.90807000,0
1626912000000,1.29300000,1.57800000,1.25700000,1.55700000,5928896.85000000,1626998399999,8320438.44907000,29956,3209555.90000000,4504096.09940000,0
1626998400000,1.55700000,1.76600000,1.39210000,1.73500000,4497362.47000000,1627084799999,7151607.88005800,24642,2325898.04000000,3702994.63942100,0
1627084800000,1.73900000,1.89710000,1.57800000,1.68000000,3174839.17000000,1627171199999,5554957.70934900,21091,1661168.40000000,2909821.23026900,0
1627171200000,1.68500000,1.75050000,1.45200000,1.68500000,2566235.37000000,1627257599999,4108400.98754500,13711,1323768.32000000,2122717.99139500,0
1627257600000,1.68520000,2.43640000,1.65300000,1.85820000,5460725.04000000,1627343999999,11664279.43197500,41744,3107745.98000000,6641535.06585500,0
1627344000000,1.85880000,1.94600000,1.56100000,1.77600000,4143036.59000000,1627430399999,7265266.82805400,40132,2090262.32000000,3668783.68671600,0
1627430400000,1.77600000,1.88860000,1.62020000,1.71300000,3098780.32000000,1627516799999,5396030.41003600,18897,1636709.39000000,2858171.17447500,0
1627516800000,1.71990000,2.00100000,1.63880000,1.94100000,2433702.37000000,1627603199999,4432901.82323700,15946,1366540.52000000,2494967.42392800,0
1627603200000,1.94100000,2.14880000,1.72400000,2.09010000,2776872.32000000,1627689599999,5348296.63672000,20683,1485162.42000000,2870439.59408200,0
1627689600000,2.09010000,2.32350000,1.94910000,2.27790000,1863015.90000000,1627775999999,3876155.85232700,14084,981856.20000000,2051735.21256600,0
1627776000000,2.27810000,2.43900000,1.94890000,1.99720000,2432951.35000000,1627862399999,5377981.42305200,25695,1281725.81000000,2846077.51227100,0
1627862400000,1.99900000,2.18000000,1.87350000,2.04800000,1862408.99000000,1627948799999,3822019.03235600,15282,974926.89000000,2003772.77419000,0
1627948800000,2.04800000,2.10200000,1.76800000,1.86500000,1968714.12000000,1628035199999,3702042.89241000,22910,954277.74000000,1794903.93066200,0
1628035200000,1.86380000,2.35740000,1.75000000,2.28990000,2562477.92000000,1628121599999,5206849.26752200,23916,1457637.58000000,2977911.73091800,0
1628121600000,2.28990000,3.06600000,2.26000000,2.87150000,2912687.40000000,1628207999999,7643739.11118200,33980,1618632.64000000,4251517.18970700,0
1628208000000,2.87150000,2.99340000,2.57300000,2.80700000,1189255.10000000,1628294399999,3290925.35946400,12480,611823.80000000,1695875.65350700,0
1628294400000,2.82140000,3.37150000,2.72040000,3.09190000,1063581.39000000,1628380799999,3236195.75073600,14991,595901.43000000,1818041.93896600,0
1628380800000,3.09600000,3.18490000,2.46700000,2.64180000,947489.00000000,1628467199999,2655216.85406400,13769,517789.11000000,1450511.22077200,0
1628467200000,2.64530000,3.09330000,2.37230000,2.88500000,1086039.48000000,1628553599999,3037676.07975000,18487,593086.09000000,1662670.63472200,0
1628553600000,2.88500000,3.40660000,2.76380000,3.08220000,1149277.68000000,1628639999999,3544428.88389200,21346,658584.25000000,2034604.46126900,0
1628640000000,3.06740000,3.79790000,3.04790000,3.42800000,1152608.85000000,1628726399999,4052450.33028600,20830,650473.89000000,2287518.60277300,0
1628726400000,3.42000000,3.76350000,2.85000000,3.17100000,973362.65000000,1628812799999,3156752.54055900,22402,505366.41000000,1644812.14486000,0
1628812800000,3.18860000,3.89900000,3.07260000,3.89870000,843370.17000000,1628899199999,3078811.44865700,14327,472835.99000000,1729313.32824100,0
1628899200000,3.89870000,3.91990000,3.40730000,3.61200000,669720.37000000,1628985599999,2430879.99493300,13945,362304.14000000,1318174.90247700,0
1628985600000,3.62440000,3.65700000,3.12340000,3.52750000,654993.24000000,1629071999999,2195863.33783800,17424,330549.18000000,1111367.87912700,0
1629072000000,3.52000000,4.26660000,3.46080000,3.49770000,1307348.19000000,1629158399999,5051295.93916500,28933,739078.40000000,2860027.65562500,0
1629158400000,3.49900000,4.26160000,2.80000000,2.87500000,1638312.89000000,1629244799999,5853521.99387100,34943,901118.44000000,3225322.26389500,0
1629244800000,2.88000000,3.10000000,2.51120000,2.82630000,1662052.97000000,1629331199999,4759697.30210800,27822,897938.09000000,2573338.24483700,0
1629331200000,2.84450000,3.21000000,2.70100000,3.21000000,973248.70000000,1629417599999,2817288.84181200,12697,510163.28000000,1479181.29072700,0
1629417600000,3.21210000,3.45200000,3.17080000,3.27640000,753413.06000000,1629503999999,2487068.88767500,11536,376588.68000000,1244491.00506200,0
1629504000000,3.27530000,3.36470000,3.00150000,3.11340000,560985.15000000,1629590399999,1798173.83795600,8495,274858.51000000,882018.18757200,0
1629590400000,3.11340000,3.25480000,2.86160000,3.12220000,442242.94000000,1629676799999,1359569.71907300,7367,205210.57000000,631612.06401500,0
1629676800000,3.12140000,3.35000000,3.08810000,3.23230000,534687.05000000,1629763199999,1736247.94490300,8942,281566.02000000,914662.38920200,0
1629763200000,3.23270000,3.32800000,2.57950000,2.71500000,702198.18000000,1629849599999,2058375.35221400,18241,321533.94000000,943131.79669500,0
1629849600000,2.71500000,2.83690000,2.48670000,2.80000000,663540.81000000,1629935999999,1789617.45713000,10261,333406.67000000,900550.92775200,0
1629936000000,2.80670000,2.88000000,2.12000000,2.29100000,1024637.18000000,1630022399999,2497477.33441000,12434,505722.67000000,1232608.16236700,0
1630022400000,2.29100000,2.64960000,2.18800000,2.60790000,849090.20000000,1630108799999,2071742.82073800,8648,449833.91000000,1100220.27104100,0
1630108800000,2.61460000,2.65490000,2.44720000,2.52880000,489419.15000000,1630195199999,1238451.35738000,4863,250321.33000000,634291.48003200,0
1630195200000,2.53500000,2.69030000,2.36050000,2.48080000,735991.88000000,1630281599999,1835955.48397400,6900,389061.66000000,974442.66373500,0
1630281600000,2.47650000,2.65560000,2.20410000,2.39110000,752168.61000000,1630367999999,1826417.39504200,7696,385427.36000000,939775.65284100,0
1630368000000,2.37890000,2.96000000,2.28010000,2.86000000,768539.37000000,1630454399999,2016808.96381000,11556,423869.97000000,1116027.32822800,0
1630454400000,2.85170000,3.26530000,2.66720000,3.23420000,781131.78000000,1630540799999,2382476.96889000,13614,396408.34000000,1210250.35597900,0
1630540800000,3.23610000,3.27850000,2.97320000,2.98000000,388113.60000000,1630627199999,1206213.48327300,7301,185109.14000000,575644.51781500,0
1630627200000,2.98000000,3.12330000,2.75530000,2.86020000,469666.74000000,1630713599999,1377781.29534900,8643,228037.71000000,670537.42475700,0
1630713600000,2.86000000,3.08250000,2.78010000,2.90990000,486694.45000000,1630799999999,1422807.33966400,7980,253441.16000000,742257.51272300,0
1630800000000,2.90900000,3.44300000,2.84000000,3.26500000,734387.34000000,1630886399999,2375662.73598600,13211,394055.13000000,1274396.04198700,0
1630886400000,3.26300000,3.42000000,2.77770000,3.07000000,575105.81000000,1630972799999,1795498.15070700,13817,289235.47000000,901996.77930800,0
1630972800000,3.07200000,3.07800000,0.84870000,1.39630000,7196943.56000000,1631059199999,11108647.97830500,52513,3831195.08000000,5783582.44717500,0
1631059200000,1.39670000,1.46040000,1.04610000,1.22390000,3813463.60000000,1631145599999,4850375.39548400,26233,1967909.81000000,2506304.17562200,0
1631145600000,1.22500000,1.41400000,1.17000000,1.22480000,1473878.03000000,1631231999999,1921684.92308200,13965,779984.67000000,1019193.49680100,0
1631232000000,1.22480000,1.31710000,0.98660000,1.05800000,2989129.85000000,1631318399999,3347418.22540300,19881,1418671.81000000,1591517.96536100,0
1631318400000,1.05500000,1.29890000,1.04380000,1.19620000,1153895.99000000,1631404799999,1341914.28693800,9168,626585.63000000,729408.94524200,0
1631404800000,1.19620000,1.36920000,1.13660000,1.23180000,1843647.81000000,1631491199999,2327800.98412400,13449,911183.17000000,1155271.16489800,0
1631491200000,1.23190000,1.26930000,0.96500000,1.18990000,2354993.35000000,1631577599999,2552457.83807100,21655,1136641.29000000,1237206.59607300,0
1631577600000,1.19650000,1.73000000,1.17130000,1.66960000,3573157.05000000,1631663999999,5207167.49004300,38886,1926619.34000000,2798575.26747000,0
1631664000000,1.67310000,2.02290000,1.58430000,1.99840000,2965181.49000000,1631750399999,5167567.24806900,22904,1484391.23000000,2589652.57464300,0
1631750400000,1.99130000,1.99870000,1.48490000,1.64180000,2495754.63000000,1631836799999,4352608.74291500,19438,1216026.60000000,2120298.32733200,0
1631836800000,1.63730000,1.70720000,1.25020000,1.28280000,2208683.49000000,1631923199999,3239615.37478500,16233,1038396.49000000,1525885.51410000,0
1631923200000,1.28660000,1.41290000,1.22540000,1.29400000,1609749.56000000,1632009599999,2135136.26957200,18101,744096.06000000,988020.55945800,0
1632009600000,1.29150000,1.31600000,1.12510000,1.16720000,1469092.12000000,1632095999999,1806270.53255900,12537,713115.36000000,880848.15176000,0
1632096000000,1.17000000,1.17310000,0.76920000,0.79990000,3946924.28000000,1632182399999,3644389.67772400,40647,1808191.00000000,1663083.58346300,0
1632182400000,0.79990000,0.89840000,0.58550000,0.65990000,4393151.54000000,1632268799999,3303013.93668800,25945,2195906.25000000,1652066.03782700,0
1632268800000,0.66070000,0.85280000,0.62500000,0.84300000,3556866.34000000,1632355199999,2688794.04098900,13234,1812124.80000000,1367952.97307700,0
1632355200000,0.84400000,0.89330000,0.79670000,0.88800000,2044403.78000000,1632441599999,1739904.30542300,8663,1052015.96000000,896117.09610700,0
1632441600000,0.88860000,0.90460000,0.60120000,0.71340000,3954080.31000000,1632527999999,2878068.43275100,18120,1900298.92000000,1383043.63444600,0
1632528000000,0.71340000,0.73180000,0.64100000,0.67580000,2249710.97000000,1632614399999,1553671.40326600,9193,1133686.83000000,785363.44809300,0
1632614400000,0.67700000,0.81820000,0.55000000,0.77800000,4320245.29000000,1632700799999,3080018.26914100,22023,2251470.31000000,1609112.05875800,0
1632700800000,0.77470000,0.87000000,0.61990000,0.62070000,3139562.10000000,1632787199999,2317692.69397900,13660,1520868.62000000,1128859.86515000,0
1632787200000,0.62070000,0.64390000,0.54800000,0.55400000,3706542.29000000,1632873599999,2206279.51445800,27003,1653514.03000000,985180.65696200,0
1632873600000,0.55310000,0.63430000,0.54560000,0.57210000,3627035.53000000,1632959999999,2151441.89476800,11199,1803982.12000000,1072841.75809600,0
1632960000000,0.57210000,0.65080000,0.56710000,0.62570000,3787643.26000000,1633046399999,2341223.89996400,9434,1987560.00000000,1230188.39677100,0
1633046400000,0.62570000,0.76990000,0.60550000,0.75970000,3494754.63000000,1633132799999,2444974.70072800,14653,1853425.25000000,1299508.05751200,0
1633132800000,0.75970000,0.89100000,0.72500000,0.83000000,3432488.23000000,1633219199999,2751485.36235200,10587,1742114.22000000,1395218.35453100,0
1633219200000,0.83000000,0.89000000,0.79570000,0.80800000,2228588.99000000,1633305599999,1867937.32309000,8495,1077226.11000000,903347.87188400,0
1633305600000,0.80620000,0.81330000,0.68480000,0.74800000,3790821.05000000,1633391999999,2886639.42612900,11795,1935578.67000000,1475815.04696800,0
1633392000000,0.74800000,0.80520000,0.71730000,0.78900000,2691520.66000000,1633478399999,2055236.25047700,8247,1401478.80000000,1072332.57515200,0
1633478400000,0.79010000,0.85430000,0.64370000,0.81440000,4842086.59000000,1633564799999,3647016.49890800,18798,2552451.04000000,1930299.85782600,0
1633564800000,0.81420000,0.82730000,0.73370000,0.77500000,2552295.61000000,1633651199999,2000807.45167600,10173,1298644.61000000,1020142.08799500,0
1633651200000,0.77500000,0.89560000,0.76000000,0.78240000,2529453.67000000,1633737599999,2121215.99702500,10745,1238504.78000000,1040002.88218300,0
1633737600000,0.78400000,0.82070000,0.75880000,0.78120000,1337711.66000000,1633823999999,1060594.83883300,5166,656479.71000000,521447.71358800,0
1633824000000,0.78120000,0.78430000,0.64490000,0.65300000,1845909.46000000,1633910399999,1336959.06472100,14709,818175.82000000,591439.14332300,0
1633910400000,0.65130000,0.74000000,0.62090000,0.66670000,2434207.66000000,1633996799999,1659076.14188500,10702,1184183.28000000,808699.24660600,0
1633996800000,0.66630000,0.66880000,0.55990000,0.61720000,2304028.86000000,1634083199999,1389680.68750800,11635,1141190.12000000,689426.33294900,0
1634083200000,0.61720000,0.70450000,0.60830000,0.67620000,2498636.49000000,1634169599999,1612225.93587300,7998,1352794.13000000,874443.79831500,0
1634169600000,0.67820000,0.74230000,0.65870000,0.69690000,2687845.52000000,1634255999999,1875647.04099100,8846,1345554.02000000,939613.03814300,0
1634256000000,0.69700000,0.70590000,0.62900000,0.68190000,2096160.91000000,1634342399999,1418092.48911200,7072,1068983.68000000,723559.34591500,0
1634342400000,0.68340000,0.77150000,0.67030000,0.69990000,2113685.80000000,1634428799999,1539191.46573300,8733,1107907.21000000,807745.58707800,0
1634428800000,0.70000000,0.79690000,0.62000000,0.69600000,2912701.81000000,1634515199999,2080361.33503000,9900,1459200.77000000,1044753.43801500,0
1634515200000,0.69690000,0.71760000,0.60230000,0.62860000,2402050.21000000,1634601599999,1554425.06099400,10911,1160801.69000000,751603.53711900,0
1634601600000,0.62920000,0.68920000,0.62090000,0.68350000,2251577.60000000,1634687999999,1486977.17714500,5821,1178541.62000000,778947.30540500,0
1634688000000,0.68240000,0.76730000,0.64130000,0.76290000,2598871.81000000,1634774399999,1831997.84754600,9449,1399031.68000000,986644.50630500,0
1634774400000,0.76320000,0.89250000,0.72000000,0.74330000,4625192.43000000,1634860799999,3734146.60602200,17691,2333679.35000000,1885607.69598700,0
1634860800000,0.74600000,0.82580000,0.68750000,0.71510000,2436066.77000000,1634947199999,1847474.01512900,8033,1229641.50000000,933843.02095000,0
1634947200000,0.71720000,0.80290000,0.69730000,0.80010000,1561186.29000000,1635033599999,1175030.47265900,5592,818997.34000000,617869.22204600,0
1635033600000,0.80100000,0.80780000,0.64140000,0.69350000,2340995.55000000,1635119999999,1653377.76230500,11223,1089749.99000000,772418.52515000,0
1635120000000,0.69390000,0.74720000,0.68470000,0.72510000,1476979.46000000,1635206399999,1055695.44267200,4747,763953.52000000,546512.54918800,0
1635206400000,0.72620000,0.92980000,0.71960000,0.81700000,5468350.66000000,1635292799999,4653818.07592200,23320,2871377.14000000,2440304.77526100,0
1635292800000,0.82090000,1.79480000,0.72300000,0.73130000,12963734.01000000,1635379199999,14169586.11781700,48523,6807906.52000000,7527212.24612800,0
1635379200000,0.73390000,0.86800000,0.68780000,0.81200000,10824826.21000000,1635465599999,8221637.13105900,25997,5408875.59000000,4121190.78895000,0
1635465600000,0.81200000,0.86430000,0.73710000,0.75450000,2810607.59000000,1635551999999,2244332.79604600,9185,1374370.77000000,1103813.32112700,0
1635552000000,0.75400000,0.75500000,0.67140000,0.70500000,2924388.29000000,1635638399999,2075866.83436100,19704,1292363.32000000,917403.61801600,0
1635638400000,0.70490000,0.72200000,0.61080000,0.67420000,2773344.66000000,1635724799999,1840178.70770300,16473,1346226.90000000,895789.83900900,0
1635724800000,0.67360000,0.72170000,0.61830000,0.72020000,2739482.31000000,1635811199999,1888762.45035800,10823,1412297.55000000,976527.04379400,0
1635811200000,0.71830000,0.73670000,0.68900000,0.71660000,2174502.24000000,1635897599999,1555697.07701200,9837,1102279.76000000,789697.04321200,0
1635897600000,0.71830000,0.72570000,0.65120000,0.71650000,2505938.65000000,1635983999999,1724591.94678400,11789,1330445.14000000,916938.63604700,0
1635984000000,0.72300000,0.77610000,0.65550000,0.76000000,2275942.68000000,1636070399999,1613244.38285200,15948,1225083.40000000,870963.59236800,0
1636070400000,0.75780000,0.83600000,0.70410000,0.71820000,2496245.83000000,1636156799999,1945337.71294300,18306,1344144.50000000,1048765.25012100,0
1636156800000,0.71580000,0.72310000,0.62340000,0.66070000,2502898.24000000,1636243199999,1645455.27235500,26905,1036770.08000000,681972.00425300,0
1636243200000,0.66210000,0.68160000,0.65050000,0.66320000,1285200.81000000,1636329599999,857726.86934100,8582,688643.33000000,459900.37442300,0
1636329600000,0.66410000,0.73640000,0.65760000,0.72200000,2533562.14000000,1636415999999,1746720.96011200,18663,1475594.98000000,1018507.86949100,0
1636416000000,0.72190000,0.81500000,0.68500000,0.73130000,2628707.35000000,1636502399999,1991800.99201700,18850,1571879.11000000,1192669.80255500,0
1636502400000,0.73130000,0.77000000,0.52310000,0.60720000,2747916.20000000,1636588799999,1821470.62436600,16625,1362335.13000000,906606.24550300,0
1636588800000,0.60720000,0.61970000,0.58570000,0.60080000,251829.34000000,1636599599999,151404.31780400,2415,103196.00000000,62098.39255600,0
